{
  "classes": [
    "glioma",
    "meningioma",
    "notumor",
    "pituitary"
  ],
  "dataset_root": "C:\\Users\\Ambikasya\\Desktop\\BrainTumorAI\\BrainTumorAI\\backend\\dataset",
  "evaluation": {
    "subset": "first_n_per_class_from_testing",
    "n_per_class": 80,
    "total_samples": 320,
    "counts_per_class": [
      80,
      80,
      80,
      80
    ]
  },
  "accuracy": 0.896875,
  "precision": 0.8965113876859704,
  "recall": 0.896875,
  "f1_score": 0.8956814790148122,
  "precision_macro": 0.8965113876859705,
  "recall_macro": 0.8968750000000001,
  "f1_macro": 0.8956814790148123,
  "precision_weighted": 0.8965113876859704,
  "recall_weighted": 0.896875,
  "f1_weighted": 0.8956814790148122,
  "precision_per_class": [
    0.868421052631579,
    0.8783783783783784,
    0.975609756097561,
    0.8636363636363636
  ],
  "recall_per_class": [
    0.825,
    0.8125,
    1.0,
    0.95
  ],
  "f1_per_class": [
    0.8461538461538461,
    0.8441558441558441,
    0.9876543209876543,
    0.9047619047619048
  ],
  "support_per_class": [
    80,
    80,
    80,
    80
  ]
}