{
  "classes": [
    "glioma",
    "meningioma",
    "notumor",
    "pituitary"
  ],
  "dataset_root": "C:\\Users\\Ambikasya\\Desktop\\BrainTumorAI\\BrainTumorAI\\backend\\dataset",
  "evaluation": {
    "subset": "first_n_per_class_from_testing",
    "n_per_class": 80,
    "total_samples": 320,
    "counts_per_class": [
      80,
      80,
      80,
      80
    ]
  },
  "accuracy": 0.890625,
  "precision": 0.8923811283567382,
  "recall": 0.890625,
  "f1_score": 0.8887401637468788,
  "precision_macro": 0.8923811283567381,
  "recall_macro": 0.890625,
  "f1_macro": 0.8887401637468787,
  "precision_weighted": 0.8923811283567382,
  "recall_weighted": 0.890625,
  "f1_weighted": 0.8887401637468788,
  "precision_per_class": [
    0.9090909090909091,
    0.8292682926829268,
    0.975609756097561,
    0.8555555555555555
  ],
  "recall_per_class": [
    0.75,
    0.85,
    1.0,
    0.9625
  ],
  "f1_per_class": [
    0.821917808219178,
    0.8395061728395061,
    0.9876543209876543,
    0.9058823529411764
  ],
  "support_per_class": [
    80,
    80,
    80,
    80
  ]
}