{
  "classes": [
    "glioma",
    "meningioma",
    "notumor",
    "pituitary"
  ],
  "dataset_root": "C:\\Users\\Ambikasya\\Desktop\\BrainTumorAI\\BrainTumorAI\\backend\\dataset",
  "evaluation": {
    "subset": "first_n_per_class_from_testing",
    "n_per_class": 80,
    "total_samples": 320,
    "counts_per_class": [
      80,
      80,
      80,
      80
    ]
  },
  "accuracy": 0.896875,
  "precision": 0.8968150806295581,
  "recall": 0.896875,
  "f1_score": 0.8956748983636847,
  "precision_macro": 0.8968150806295581,
  "recall_macro": 0.896875,
  "f1_macro": 0.8956748983636846,
  "precision_weighted": 0.8968150806295581,
  "recall_weighted": 0.896875,
  "f1_weighted": 0.8956748983636847,
  "precision_per_class": [
    0.8732394366197183,
    0.8414634146341463,
    0.9875,
    0.8850574712643678
  ],
  "recall_per_class": [
    0.775,
    0.8625,
    0.9875,
    0.9625
  ],
  "f1_per_class": [
    0.8211920529801324,
    0.8518518518518519,
    0.9875,
    0.9221556886227545
  ],
  "support_per_class": [
    80,
    80,
    80,
    80
  ]
}